Quartier;Ville;Autres façons de dire ou d'écrire;Prioritaire (indice Whisper);À vérifier
Adidogomé;Lomé;Adidogome;oui;
Agoè;Lomé;Agoe, Agoé;oui;
Agoè Assiyéyé;Lomé;Assiyéyé, Assiyeye;oui;
Agoè Zongo;Lomé;;oui;
Agoè Télessou;Lomé;Télessou, Telessou;oui;oui
Agoè Démakpoè;Lomé;Démakpoè, Demakpoe;oui;
Agoè Logopé;Lomé;Logopé, Logope;oui;
Agoè Cacaveli;Lomé;Cacaveli, Kakaveli;oui;
Agoè-Nyivé;Lomé;Agoè Nyivé, Agoe Nyive;oui;
Agoè Kossigan;Lomé;Kossigan;;oui
Agoè Fiovi;Lomé;Fiovi;;oui
Agbalépédo;Lomé;Agbalepedo;oui;
Adakpamé;Lomé;Adakpame;oui;
Akodésséwa;Lomé;Akodessewa, Akodesewa;oui;
Amoutivé;Lomé;Amoutive;oui;
Anfamé;Lomé;Anfame;;
Aképé;Lomé;Akepe;;
Attiégou;Lomé;Atiégou, Attiegou;oui;
Atikoumé;Lomé;Attikoumé, Atikoume;;
Avédji;Lomé;Avedji;oui;
Avénou;Lomé;Avenou;;
Avépozo;Lomé;Avepozo;oui;
Baguida;Lomé;;oui;
Bè;Lomé;Be;oui;
Bè Kpota;Lomé;Kpota, Bè-Kpota;oui;
Bè Klikamé;Lomé;Klikamé, Klikame;oui;
Bè Ahligo;Lomé;Ahligo;;
Bè Apéyémé;Lomé;Apéyémé, Apeyeme;;oui
Bè Château;Lomé;Château;;
Bè Hédzé;Lomé;Hédzé;;oui
Bè Kpéhénou;Lomé;Kpéhénou;;oui
Béniglato;Lomé;Beniglato;;
Dékon;Lomé;Dekon, Grand marché;oui;
Djidjolé;Lomé;Djidjole, Dzidzolé;oui;
Djagblé;Lomé;Djagble;;
Doulassamé;Lomé;Doulassame;;
Doumassessé;Lomé;Doumasséssé, Doumassesse;oui;
Gakli;Lomé;Aflao Gakli;;
Gbadago;Lomé;;;
Gbényédji;Lomé;Gbenyedji;;
Gbossimé;Lomé;Gbossime;;
Hanoukopé;Lomé;Hanoukope;oui;
Hédzranawoé;Lomé;Hedzranawoe, Hédzranawé;oui;
Hountigomé;Lomé;Hountigome;;
Kagomé;Lomé;Kagome;;
Kanyikopé;Lomé;Kanyikope;;
Kégué;Lomé;Kegue, Kégé;oui;
Kélégougan;Lomé;Kélékougan, Kelegougan;oui;
Kodjoviakopé;Lomé;Kodjoviakope;oui;
Kotokoucondji;Lomé;Kotokoukondji;;
Kpogan;Lomé;;;
Légbassito;Lomé;Legbassito;oui;
Lomé 2;Lomé;Lomé II;;
Lomégan;Lomé;Lomegan;;
Nukafu;Lomé;Noukafou;;
Nyékonakpoè;Lomé;Nyekonakpoe, Nyékonakpoé;oui;
Sagbado;Lomé;Adidogomé Sagbado, Aflao Sagbado;oui;
Sanguéra;Lomé;Sanguera, Zanguéra;oui;
Ségbé;Lomé;Segbe;oui;
Akato;Lomé;Ségbé Akato, Akato Viépé;;oui
Soviépé;Lomé;Soviepe;;
Togblékopé;Lomé;Togblékope, Togblekope;oui;
Tokoin;Lomé;Tokoïn;oui;
Tokoin Hôpital;Lomé;Tokoin CHU;oui;
Tokoin Wuiti;Lomé;Wuiti, Ouiti;oui;
Tokoin Casablanca;Lomé;Casablanca;oui;
Tokoin Forever;Lomé;Forever;oui;
Tokoin Tamé;Lomé;Tamé;;
Tokoin Elavagnon;Lomé;Elavagnon;;
Tokoin Gbonvié;Lomé;Gbonvié;;oui
Tokoin Lycée;Lomé;;;
Tokoin Solidarité;Lomé;Solidarité;;
Tokoin Habitat;Lomé;;;oui
Totsi;Lomé;;oui;
Vakpossito;Lomé;Vakposito;oui;
Wonyomé;Lomé;Wonyome;;
Yokoè;Lomé;Yokoe;;
Zossimé;Lomé;Zossime;;
Abobokomé;Lomé;Abobokome;;
Ablogamé;Lomé;Ablogame;;
Adamavo;Lomé;;;
Adéwui;Lomé;Adewui;;
Agbavi;Lomé;;;
Assivito;Lomé;Grand marché;;
Avinato;Lomé;;;oui
Bassadji;Lomé;;;oui
Hollando;Lomé;;;oui
Sogbossito;Lomé;;;oui
Wessomé;Lomé;;;oui
Adétikopé;Lomé;Adetikope;oui;
Davié;Lomé;Davie;;
Kpomé;Lomé;Kpome;;oui
Zanguéra;Lomé;Zanguera;oui;
Gbamakopé;Lomé;;;oui
Cité OUA;Lomé;OUA;;
Cité Mawuli;Lomé;Mawuli;;oui
Kodjoviakopé Plage;Lomé;;;oui
Tsévié Centre;Tsévié;;;
Gbalavé;Tsévié;;;oui
Aného Zébé;Aného;Zébé;;
Glidji;Aného;;;
Agbodrafo;Agbodrafo;Porto Seguro;;
Kpalimé Centre;Kpalimé;;;
Nyivémé;Kpalimé;Nyiveme;;
Hanyigba;Kpalimé;;;
Zomayi;Kpalimé;;;oui
Kpodzi;Kpalimé;;;oui
Domé;Kpalimé;;;oui
Agbonou;Atakpamé;;;
Djama;Atakpamé;;;oui
Hiheatro;Atakpamé;;;oui
Notsé Centre;Notsé;;;
Komah;Sokodé;Koma;;
Kpangalam;Sokodé;;;
Didauré;Sokodé;;;
Tchawanda;Sokodé;;;oui
Kouloundé;Sokodé;;;oui
Kossobio;Sokodé;;;oui
Zongo;Sokodé;Sokodé Zongo;;oui
Tomdè;Kara;Tomde;;
Kpéwa;Kara;Kpewa;;
Kassena;Kara;;;oui
Lama;Kara;;;
Chaminade;Kara;;;
Dongoyo;Kara;;;oui
Kpéloudè;Kara;;;oui
Ewaou;Kara;;;oui
Nassablé;Dapaong;Nassable;;
Tantigou;Dapaong;;;oui
Mango Centre;Mango;;;
